﻿<?xml version="1.0" encoding="utf-8"?><vernacularParms><scriptureBook ubsAbbreviation="GEN" parm="vernacularFullName">Jaskatax jatíbi jaweki jonii peokoota itan jaskatax jonibo jonii peokoota</scriptureBook><scriptureBook ubsAbbreviation="RUT" parm="vernacularFullName">Elimélec betan Noemí jaton bakeboya Belénhainoax Moabhain kaa</scriptureBook><scriptureBook ubsAbbreviation="JOL" parm="vernacularFullName">Dioski yoiti ikánon ixon, itan akonkin jakonma jenekanon ixon Joelnin Israel jonibo yoia</scriptureBook><scriptureBook ubsAbbreviation="JON" parm="vernacularFullName">Jonás jaskara iká, itan Nínive jonibo ikana, Jonassen yoia</scriptureBook><scriptureBook ubsAbbreviation="HAB" parm="vernacularFullName">Jakonma joai kopí, Dioski koshiti Habacucnin yoia</scriptureBook><scriptureBook ubsAbbreviation="MAL" parm="vernacularFullName">Sacerdotebaon jakonmaakin jato ikinnaitian, Diossen jato masá tenemati Malaquíassen yoia</scriptureBook><scriptureBook ubsAbbreviation="MAT" parm="vernacularFullName">Jesucristo ikábo yoikin Mateon wishaa</scriptureBook><scriptureBook ubsAbbreviation="MRK" parm="vernacularFullName">Jesucristo ikábo yoikin Marcosnin wishaa</scriptureBook><scriptureBook ubsAbbreviation="LUK" parm="vernacularFullName">Jesucristo ikábo yoikin Lucassen wishaa</scriptureBook><scriptureBook ubsAbbreviation="JHN" parm="vernacularFullName">Jesucristo ikábo yoikin Juanman wishaa</scriptureBook><scriptureBook ubsAbbreviation="ACT" parm="vernacularFullName">Jesussen joi yoiaibo ikana</scriptureBook><scriptureBook ubsAbbreviation="ROM" parm="vernacularFullName">Roma jeman iká joi akaibo, Pablon kirika wishaxon bomaa</scriptureBook><scriptureBook ubsAbbreviation="1CO" parm="vernacularFullName">Corintoainoa joi akaiboki, peokin Pablon jato kirika bomaa</scriptureBook><scriptureBook ubsAbbreviation="2CO" parm="vernacularFullName">Corintoainoa joi akaiboki jawen rabé itin Pablon jato kirika bomaa</scriptureBook><scriptureBook ubsAbbreviation="GAL" parm="vernacularFullName">Galacia janeya main iká joi akaiboki, Pablon kirika bomaa</scriptureBook><scriptureBook ubsAbbreviation="EPH" parm="vernacularFullName">Efesoain iká joi akaiboki Pablon kirika bomaa</scriptureBook><scriptureBook ubsAbbreviation="PHP" parm="vernacularFullName">Filipoainoa joi akaibo Pablon jato kirika bomaa</scriptureBook><scriptureBook ubsAbbreviation="COL" parm="vernacularFullName">Colosainoa joi akaiboki Pablon jato kirika bomaa</scriptureBook><scriptureBook ubsAbbreviation="1TH" parm="vernacularFullName">Tesalónicainoa joi akaiboki peokin Pablon kirika bomaa</scriptureBook><scriptureBook ubsAbbreviation="2TH" parm="vernacularFullName">Tesalónicainoa joi akaiboki jawen rabé itin Pablon jato kirika bomaa</scriptureBook><scriptureBook ubsAbbreviation="1TI" parm="vernacularFullName">Peokin Pablon Timoteoki kirika bomaa</scriptureBook><scriptureBook ubsAbbreviation="2TI" parm="vernacularFullName">Jawen rabé itin, Pablon Timoteoki kirika bomaa</scriptureBook><scriptureBook ubsAbbreviation="TIT" parm="vernacularFullName">Titoki Pablon kirika bomaa</scriptureBook><scriptureBook ubsAbbreviation="PHM" parm="vernacularFullName">Pablon Filemón kirika bomaa</scriptureBook><scriptureBook ubsAbbreviation="HEB" parm="vernacularFullName">Hebreo joniboki kirika wishaa</scriptureBook><scriptureBook ubsAbbreviation="JAS" parm="vernacularFullName">Diossen jonibo janbisaki, Santiagon kirika bomaa</scriptureBook><scriptureBook ubsAbbreviation="1PE" parm="vernacularFullName">Joi akaibo janbisaboki peokin jato Pedron kirika bomaa</scriptureBook><scriptureBook ubsAbbreviation="2PE" parm="vernacularFullName">Joi akaibo janbisaboki jawen rabé itin, jato Pedron kirika bomaa</scriptureBook><scriptureBook ubsAbbreviation="1JN" parm="vernacularFullName">Peokin Juanman kirika wishaa</scriptureBook><scriptureBook ubsAbbreviation="2JN" parm="vernacularFullName">Jawen rabé itin, Juanman kirika wishaa</scriptureBook><scriptureBook ubsAbbreviation="3JN" parm="vernacularFullName">Jawen kimisha, itin Juanman kirika wishaa</scriptureBook><scriptureBook ubsAbbreviation="JUD" parm="vernacularFullName">Criston tee axonairibi ixon, joi akaiboki Judassen kirika bomaa</scriptureBook><scriptureBook ubsAbbreviation="REV" parm="vernacularFullName">Jaskara iti jawékibo Jesucriston onanmaa, Juanman wishaa</scriptureBook><scriptureBook ubsAbbreviation="GEN" parm="vernacularAbbreviatedName">Génesis</scriptureBook><scriptureBook ubsAbbreviation="RUT" parm="vernacularAbbreviatedName">Rut</scriptureBook><scriptureBook ubsAbbreviation="JOL" parm="vernacularAbbreviatedName">Joel</scriptureBook><scriptureBook ubsAbbreviation="JON" parm="vernacularAbbreviatedName">Jonás</scriptureBook><scriptureBook ubsAbbreviation="HAB" parm="vernacularAbbreviatedName">Habacuc</scriptureBook><scriptureBook ubsAbbreviation="MAL" parm="vernacularAbbreviatedName">Malaquías</scriptureBook><scriptureBook ubsAbbreviation="MAT" parm="vernacularAbbreviatedName">Mateo</scriptureBook><scriptureBook ubsAbbreviation="MRK" parm="vernacularAbbreviatedName">Marcos</scriptureBook><scriptureBook ubsAbbreviation="LUK" parm="vernacularAbbreviatedName">Lucas</scriptureBook><scriptureBook ubsAbbreviation="JHN" parm="vernacularAbbreviatedName">Juan</scriptureBook><scriptureBook ubsAbbreviation="ACT" parm="vernacularAbbreviatedName">Hechos</scriptureBook><scriptureBook ubsAbbreviation="ROM" parm="vernacularAbbreviatedName">Romanos</scriptureBook><scriptureBook ubsAbbreviation="1CO" parm="vernacularAbbreviatedName">1 Corintios</scriptureBook><scriptureBook ubsAbbreviation="2CO" parm="vernacularAbbreviatedName">2 Corintios</scriptureBook><scriptureBook ubsAbbreviation="GAL" parm="vernacularAbbreviatedName">Gálatas</scriptureBook><scriptureBook ubsAbbreviation="EPH" parm="vernacularAbbreviatedName">Efesios</scriptureBook><scriptureBook ubsAbbreviation="PHP" parm="vernacularAbbreviatedName">Filipenses</scriptureBook><scriptureBook ubsAbbreviation="COL" parm="vernacularAbbreviatedName">Colosenses</scriptureBook><scriptureBook ubsAbbreviation="1TH" parm="vernacularAbbreviatedName">1 Tesalonicenses</scriptureBook><scriptureBook ubsAbbreviation="2TH" parm="vernacularAbbreviatedName">2 Tesalonicenses</scriptureBook><scriptureBook ubsAbbreviation="1TI" parm="vernacularAbbreviatedName">1 Timoteo</scriptureBook><scriptureBook ubsAbbreviation="2TI" parm="vernacularAbbreviatedName">2 Timoteo</scriptureBook><scriptureBook ubsAbbreviation="TIT" parm="vernacularAbbreviatedName">Tito</scriptureBook><scriptureBook ubsAbbreviation="PHM" parm="vernacularAbbreviatedName">Filemón</scriptureBook><scriptureBook ubsAbbreviation="HEB" parm="vernacularAbbreviatedName">Hebreos</scriptureBook><scriptureBook ubsAbbreviation="JAS" parm="vernacularAbbreviatedName">Santiago</scriptureBook><scriptureBook ubsAbbreviation="1PE" parm="vernacularAbbreviatedName">1 Pedro</scriptureBook><scriptureBook ubsAbbreviation="2PE" parm="vernacularAbbreviatedName">2 Pedro</scriptureBook><scriptureBook ubsAbbreviation="1JN" parm="vernacularAbbreviatedName">1 Juan</scriptureBook><scriptureBook ubsAbbreviation="2JN" parm="vernacularAbbreviatedName">2 Juan</scriptureBook><scriptureBook ubsAbbreviation="3JN" parm="vernacularAbbreviatedName">3 Juan</scriptureBook><scriptureBook ubsAbbreviation="JUD" parm="vernacularAbbreviatedName">Judas</scriptureBook><scriptureBook ubsAbbreviation="REV" parm="vernacularAbbreviatedName">Apocalipsis</scriptureBook><scriptureBook ubsAbbreviation="GEN" parm="vernacularBookAbbreviation">Gn.</scriptureBook><scriptureBook ubsAbbreviation="RUT" parm="vernacularBookAbbreviation">Rut</scriptureBook><scriptureBook ubsAbbreviation="JOL" parm="vernacularBookAbbreviation">Jl.</scriptureBook><scriptureBook ubsAbbreviation="JON" parm="vernacularBookAbbreviation">Jon.</scriptureBook><scriptureBook ubsAbbreviation="HAB" parm="vernacularBookAbbreviation">Hab.</scriptureBook><scriptureBook ubsAbbreviation="MAL" parm="vernacularBookAbbreviation">Mal.</scriptureBook><scriptureBook ubsAbbreviation="MAT" parm="vernacularBookAbbreviation">Mt.</scriptureBook><scriptureBook ubsAbbreviation="MRK" parm="vernacularBookAbbreviation">Mr.</scriptureBook><scriptureBook ubsAbbreviation="LUK" parm="vernacularBookAbbreviation">Lc.</scriptureBook><scriptureBook ubsAbbreviation="JHN" parm="vernacularBookAbbreviation">Jn.</scriptureBook><scriptureBook ubsAbbreviation="ACT" parm="vernacularBookAbbreviation">Hech.</scriptureBook><scriptureBook ubsAbbreviation="ROM" parm="vernacularBookAbbreviation">Ro.</scriptureBook><scriptureBook ubsAbbreviation="1CO" parm="vernacularBookAbbreviation">1 Co.</scriptureBook><scriptureBook ubsAbbreviation="2CO" parm="vernacularBookAbbreviation">2 Co.</scriptureBook><scriptureBook ubsAbbreviation="GAL" parm="vernacularBookAbbreviation">Gal.</scriptureBook><scriptureBook ubsAbbreviation="EPH" parm="vernacularBookAbbreviation">Ef.</scriptureBook><scriptureBook ubsAbbreviation="PHP" parm="vernacularBookAbbreviation">Fil.</scriptureBook><scriptureBook ubsAbbreviation="COL" parm="vernacularBookAbbreviation">Col.</scriptureBook><scriptureBook ubsAbbreviation="1TH" parm="vernacularBookAbbreviation">1 Ts.</scriptureBook><scriptureBook ubsAbbreviation="2TH" parm="vernacularBookAbbreviation">2 Ts.</scriptureBook><scriptureBook ubsAbbreviation="1TI" parm="vernacularBookAbbreviation">1 Ti.</scriptureBook><scriptureBook ubsAbbreviation="2TI" parm="vernacularBookAbbreviation">2 Ti.</scriptureBook><scriptureBook ubsAbbreviation="TIT" parm="vernacularBookAbbreviation">Tit.</scriptureBook><scriptureBook ubsAbbreviation="PHM" parm="vernacularBookAbbreviation">File.</scriptureBook><scriptureBook ubsAbbreviation="HEB" parm="vernacularBookAbbreviation">Hb.</scriptureBook><scriptureBook ubsAbbreviation="JAS" parm="vernacularBookAbbreviation">Stg.</scriptureBook><scriptureBook ubsAbbreviation="1PE" parm="vernacularBookAbbreviation">1 Ped.</scriptureBook><scriptureBook ubsAbbreviation="2PE" parm="vernacularBookAbbreviation">2 Ped.</scriptureBook><scriptureBook ubsAbbreviation="1JN" parm="vernacularBookAbbreviation">1 Jn.</scriptureBook><scriptureBook ubsAbbreviation="2JN" parm="vernacularBookAbbreviation">2 Jn.</scriptureBook><scriptureBook ubsAbbreviation="3JN" parm="vernacularBookAbbreviation">3 Jn.</scriptureBook><scriptureBook ubsAbbreviation="JUD" parm="vernacularBookAbbreviation">Jud.</scriptureBook><scriptureBook ubsAbbreviation="REV" parm="vernacularBookAbbreviation">Ap.</scriptureBook><dcMeta p2:ns="http://purl.org/dc/elements/1.1/" xmlns:p2="dc"><dc xmlns="creator">Wycliffe Bible Translators, Inc.</dc><dc xmlns="contributor" /><dc xmlns="title">Diossen joi jatíxonbi onanti joi</dc><dc xmlns="description">New Testament and Shorter Old Testament in Shipibo-Conibo (PE:shp:Shipibo-Conibo)</dc><dc xmlns="date">2014-04-30</dc><dc xmlns="format">digital</dc><dc xmlns="language">shp</dc><dc xmlns="publisher">PNG Bible Translation Association</dc><dc xmlns="rights">Copyright © 2012 Wycliffe Bible Translators, Inc.
© 2012, Wycliffe Bible Translators, Inc. All rights reserved.

This work is made available to you under the terms of the Creative Commons Attribution-Noncommercial-No Derivative Works license at https://creativecommons.org/licenses/by-nc-nd/4.0/.
© 2012, Wycliffe Bible Translators, Inc. All rights reserved.</dc><dc xmlns="identifier" /><dc xmlns="type" /></dcMeta><numberSystem>Default</numberSystem><chapterAndVerseSeparator>:</chapterAndVerseSeparator><rangeSeparator>-</rangeSeparator><multiRefSameChapterSeparator>,</multiRefSameChapterSeparator><multiRefDifferentChapterSeparator>;</multiRefDifferentChapterSeparator><verseNumberLocation>Begin</verseNumberLocation><footnoteMarkerStyle>Circulate</footnoteMarkerStyle><footnoteMarkerResetAt>Book</footnoteMarkerResetAt><footnoteMarkers>* † ‡ §</footnoteMarkers><BookSourceForMarkerXt>ShortName</BookSourceForMarkerXt><BookSourceForMarkerR>ShortName</BookSourceForMarkerR><iso>shp</iso><isoVariant /><langName>Shipibo-Conibo</langName><textDir>ltr</textDir><hasNotes>True</hasNotes><coverTitle>Diossen joi jatíxonbi onanti joi</coverTitle></vernacularParms>